Team ID,Squad,GA90,Save%,SoTA
c2e6b53b,be Antwerp,2.83,55.6,36
18bb7c10,eng Arsenal,0.71,75.0,20
db3b9613,es Atlético Madrid,1.0,77.4,31
206d90db,es Barcelona,1.0,68.2,22
054efa67,de Bayern Munich,0.87,77.3,22
a77c513e,pt Benfica,1.83,73.5,34
69d84c29,pt Braga,2.0,62.5,32
b81aa4fa,sct Celtic,2.5,60.5,38
add600ae,de Dortmund,0.71,88.5,26
18050b20,dk FC Copenhagen,1.75,70.5,44
fb4ca611,nl Feyenoord,1.67,61.9,21
ecd11ca2,tr Galatasaray,2.17,48.0,25
d609edc0,it Inter,0.71,80.0,25
7213da33,it Lazio,1.25,67.7,31
fd4e0f7d,fr Lens,1.83,71.9,32
b8fd03ef,eng Manchester City,1.13,52.6,19
19538871,eng Manchester Utd,2.5,62.9,35
dc56fe14,it Milan,1.33,74.1,27
d48ad4ff,it Napoli,1.43,71.4,35
b2b47a98,eng Newcastle Utd,1.17,81.3,32
e2d8892c,fr Paris S-G,1.13,75.0,36
5e876ee6,pt Porto,1.14,66.7,24
e334d850,nl PSV Eindhoven,1.57,59.3,27
acbb6a5b,de RB Leipzig,1.5,60.0,30
50f2a074,at RB Salzburg,1.33,81.8,33
53a2f082,es Real Madrid,1.0,80.0,35
e31d1cd9,es Real Sociedad,0.75,76.0,25
099c6eb5,rs Red Star,2.5,71.1,45
ad2be733,es Sevilla,2.0,63.0,27
e89d5a28,ua Shakhtar,2.0,67.6,37
7a41008f,de Union Berlin,1.67,65.5,29
4b682260,ch Young Boys,2.17,75.0,44
